1001,Silvio Urbano Nadal Pera,385-20-43911 ,017-77-82639 ,alejandro34@nearbpo.com,Empresa 01,Aguascalientes
1002,Leonel Barón-Iniesta, 636-41-35497 ,,amalia.orosco@corpfolder.com,Empresa 02,Baja California
1003,Darío Azcona, 530-69-61904 , 301-11-39330 ,leticia_tirado@yahoo.com,Empresa 03,Baja California Sur
1004,Jose Danilo Aramburu Carbó, 668-09-72108 , 172-90-82967 ,elisa_montero@nearbpo.com,Empresa 04,Campeche
1005,Raimundo Peinado Reina, 637-09-10695 , 258-08-83486 ,martin98@yahoo.com,Empresa 05,Chiapas
1006,Agustín Ibáñez, 029-73-98864 , 087-47-18769 ,carla65@yahoo.com,Empresa 06,Chihuahua
1007,Estefanía Fuertes Jaume, 544-27-62619 , 985-81-54957 ,guillermina55@nearbpo.com,Empresa 07,Ciudad de México
1008,Hortensia Lilia Sierra Rovira, 808-90-59659 , 372-20-61722 ,marisol52@corpfolder.com,Empresa 08,Coahuila
1009,Amor Pinedo Losa, 562-44-01856 , 964-05-17476 ,carolina74@hotmail.com,Empresa 09,Colima
1010,Luis Ángel Ferrer Chacón, 080-61-67165 ,,damian.lomeli40@hotmail.com,Empresa 10,Durango
1011,Carmela del Saez, 553-04-95480 , 995-60-39298 ,reina21@nearbpo.com,Empresa 11,Guanajuato
1012,Alexandra Abascal Campos, 155-26-48378 , 395-56-92325 ,juanpablo.cardona@gmail.com,Empresa 12,Guerrero
1013,Celestina Caro Cuadrado, 844-52-51876 , 637-06-47387 ,mariadelcarmen.zamarreno@yahoo.com,Empresa 13,Hidalgo
1014,Celso Herranz Conesa, 069-02-39341 , 344-73-66269 ,reina_guzman0@yahoo.com,Empresa 14,Jalisco
1015,Dolores Verdú Manuel, 935-31-81019 , 258-17-24201 ,mariaguadalupe.carmona19@gmail.com,Empresa 15,México
1016,Pacífica Terrón Valero, 547-16-59390 , 712-19-60694 ,carmen.kardachesoto@gmail.com,Empresa 16,Michoacán
1017,Jorge Gabino Ros Tomas, 802-20-66256 ,,victor_chavarria91@hotmail.com,Empresa 17,Morelos
1018,Teófila Marquez Pizarro, 097-90-70026 , 810-15-31698 ,arturo53@hotmail.com,Empresa 18,Nayarit
1019,Emilio Linares Pérez, 072-56-55654 , 207-91-48552 ,monserrat4@yahoo.com,Empresa 19,Nuevo León
1020,Adriana Valenciano-Conde, 868-43-09950 , 125-80-38967 ,antonio.quezada@corpfolder.com,Empresa 20,Oaxaca
1021,Samanta Salvà Jara, 399-10-04654 , 786-19-31813 ,israel39@hotmail.com,Empresa 21,Puebla
1022,Julia del Alemany, 700-36-78047 , 830-31-68330 ,ramona91@yahoo.com,Empresa 22,Querétaro
1023,Cipriano Caballero Mendoza, 220-21-08292 , 997-27-79586 ,enrique36@yahoo.com,Empresa 23,Quintana Roo
1024,Víctor del Martinez, 942-98-95342 , 573-89-10319 ,miguelangel.pulido1@hotmail.com,Empresa 24,San Luis Potosí
1025,María Del Carmen Bernad Blasco, 560-25-17289 , 127-81-12181 ,claudio5@corpfolder.com,Empresa 25,Sinaloa
1026,Calista Diéguez Clemente, 926-91-89408 ,,jennifer_madera30@nearbpo.com,Empresa 26,Sonora
1027,Lola Teresita Esteban Serna, 377-33-17652 , 056-15-03565 ,miguelangel.xicoy@corpfolder.com,Empresa 27,Tabasco
1028,Rogelio Cases Mate, 557-62-95244 , 439-65-14710 ,matias45@nearbpo.com,Empresa 28,Tamaulipas
1029,Aitana Gutiérrez Porcel, 046-93-10293 , 033-34-30001 ,joaquin_ramos@corpfolder.com,Empresa 29,Tlaxcala
1030,Jacinto Benítez, 673-85-93719 , 731-76-64138 ,ignacio_banda@nearbpo.com,Empresa 30,Veracruz
1031,Curro Soria Olivares, 965-81-82633 , 340-49-76986 ,alexa44@gmail.com,Empresa 31,Yucatán
1032,Victoriano Gual Cañellas, 025-13-70777 , 207-61-77234 ,natalia94@hotmail.com,Empresa 32,Zacatecas
1033,Rosalinda Rivas-Hidalgo, 159-19-73802 , 421-16-34488 ,fernando_velazquez@gmail.com,Empresa 33,Aguascalientes
1034,Brígida Puga Barceló, 606-43-27748 , 928-68-85418 ,jaime_colon@nearbpo.com,Empresa 34,Baja California
1035,Jimena Palma Rodrigo, 993-69-04756 , 846-61-89644 ,ignacio_rodriquez29@nearbpo.com,Empresa 35,Baja California Sur
1036,Fabiana Hernando Vallejo, 472-20-13269 , 655-90-07896 ,leticia_tejada@gmail.com,Empresa 36,Campeche
1037,Carmela Blanes Nadal, 247-52-49058 , 839-69-37886 ,sergio72@corpfolder.com,Empresa 37,Chiapas
1038,Candelas de Rivero, 859-99-74509 , 524-32-07793 ,luisfernando.nino34@nearbpo.com,Empresa 38,Chihuahua
1039,Maximino de Salvà, 213-45-50593 , 433-41-23721 ,alondraromina_hernandez@gmail.com,Empresa 39,Ciudad de México
1040,Tadeo Rosario Esteve Durán, 681-18-26725 , 281-65-95120 ,mariano.quiros@yahoo.com,Empresa 40,Coahuila
1041,Felipa Martinez Abella, 142-89-89811 , 637-71-46560 ,jorge.saldana@corpfolder.com,Empresa 41,Colima
1042,Dimas Solsona-Bonet, 556-06-10906 , 059-29-75097 ,carlota.deanda43@hotmail.com,Empresa 42,Durango
1043,Celso Olegario Abellán Gomez, 276-53-37869 , 134-08-63819 ,diego_valle@gmail.com,Empresa 43,Guanajuato
1044,Haroldo Bautista Poza, 872-76-18824 , 863-23-99379 ,gloria_merino@nearbpo.com,Empresa 44,Guerrero
1045,Herminia Mata-Palmer, 840-05-01183 , 728-57-95586 ,gabriel98@hotmail.com,Empresa 45,Hidalgo
1046,María Pilar Coloma-Mir, 492-86-15643 , 377-00-61080 ,maricarmen51@corpfolder.com,Empresa 46,Jalisco
1047,Oriana Franco Barceló, 711-90-91440 , 220-12-49237 ,jacobo_padilla81@nearbpo.com,Empresa 47,México
1048,Nélida Adán Alfaro, 504-51-54549 , 132-08-78561 ,ramona.teran71@nearbpo.com,Empresa 48,Michoacán
1049,Malena Llopis Viana, 672-82-82620 ,,kimberly80@hotmail.com,Empresa 49,Morelos
1050,Ester Isabela Mayoral Acero, 398-31-27213 , 129-52-19960 ,angeldaniel.lozano@yahoo.com,Empresa 50,Nayarit
1051,Teobaldo Céspedes-Toledo, 594-13-05262 , 811-69-62185 ,leticia9@hotmail.com,Empresa 51,Nuevo León
1052,Gervasio Jaime Múñiz Ferrando, 803-63-08481 , 257-53-06477 ,cristian.saiz22@yahoo.com,Empresa 52,Oaxaca
1053,Eligio Gargallo Tapia, 644-82-60596 , 639-82-85314 ,eva33@yahoo.com,Empresa 53,Puebla
1054,Aitana Leon Escobar, 478-53-01610 , 204-82-67899 ,veronica.parra@yahoo.com,Empresa 54,Querétaro
1055,Ariel Marquez Moliner, 460-45-43789 , 658-72-24901 ,elsa.serrano84@corpfolder.com,Empresa 55,Quintana Roo
1056,Serafina Jordá, 384-09-90544 , 996-84-09842 ,kimberly_guzman@yahoo.com,Empresa 56,San Luis Potosí
1057,Damián del Rey, 206-32-24299 , 911-58-05841 ,jennifer_vargas24@nearbpo.com,Empresa 57,Sinaloa
1058,Amílcar Urrutia Coronado, 044-57-14637 , 296-53-65595 ,lorena75@corpfolder.com,Empresa 58,Sonora
1059,Borja Gargallo Valera, 774-77-92224 , 639-62-81470 ,alfonso81@nearbpo.com,Empresa 59,Tabasco
1060,Borja Roig Donaire, 985-12-81171 , 955-90-34287 ,pilar_peres@hotmail.com,Empresa 60,Tamaulipas
1061,Cornelio Silva-Donoso, 273-31-07855 , 435-09-00457 ,marisol4@gmail.com,Empresa 61,Tlaxcala
1062,Evaristo Martí, 024-94-62991 , 530-35-51511 ,antonio.xicoy39@corpfolder.com,Empresa 62,Veracruz
1063,Yéssica Frías Aguirre, 530-34-10672 , 602-05-58272 ,maximiliano22@gmail.com,Empresa 63,Yucatán
1064,Heraclio Pepe Orozco Martín, 065-03-46816 , 234-34-99164 ,claudia.padilla19@gmail.com,Empresa 64,Zacatecas
1065,Tatiana Segarra Plana, 566-28-61037 , 680-10-62189 ,pablo.krauelnatera@corpfolder.com,Empresa 65,Aguascalientes
1066,Rosaura Blanes Fuente, 408-61-43484 , 097-57-92055 ,luismiguel.gaona@hotmail.com,Empresa 66,Baja California
1067,Loreto Gordillo Carreño, 454-91-30745 ,,rosario66@corpfolder.com,Empresa 67,Baja California Sur
1068,Rosalva Fiol Luque, 172-79-31675 , 640-37-21641 ,rosa.lebron87@nearbpo.com,Empresa 68,Campeche
1069,Marcia de Pagès, 518-05-29933 , 173-10-37577 ,anavictoria.jaime@corpfolder.com,Empresa 69,Chiapas
1070,Antonia Bautista Juárez, 725-02-35866 , 672-63-52658 ,maria.montalvo42@gmail.com,Empresa 70,Chihuahua
1071,María Manuela Buendía, 935-24-29905 , 629-83-63524 ,estela_lucero15@corpfolder.com,Empresa 71,Ciudad de México
1072,Ema Ledesma Reina, 856-04-64801 , 663-93-87033 ,vanessa.rosas52@gmail.com,Empresa 72,Coahuila
1073,Maite Juan-Medina, 614-96-26296 , 601-12-87104 ,leonardo_hinojosa@hotmail.com,Empresa 73,Colima
1074,Elvira Sedano Cobos, 580-88-08416 , 936-56-18144 ,jimena64@corpfolder.com,Empresa 74,Durango
1075,Guadalupe Robles-Alcaraz, 774-41-34351 , 740-61-19596 ,gabriela_porras@nearbpo.com,Empresa 75,Guanajuato
1076,Íñigo Colomer-Villanueva, 901-27-41317 , 177-95-99929 ,jorgeluis_velasco@gmail.com,Empresa 76,Guerrero
1077,Javier Aureliano Quirós Portero, 151-23-53951 , 949-03-04772 ,luz41@nearbpo.com,Empresa 77,Hidalgo
1078,Tania de Arjona, 059-30-28168 , 784-88-97459 ,timoteo64@yahoo.com,Empresa 78,Jalisco
1079,Graciana Mas Izquierdo, 809-32-24956 , 388-28-75704 ,conchita13@nearbpo.com,Empresa 79,México
1080,Eufemia Tejera Vives, 687-22-77447 , 945-09-37255 ,german_velasquez46@yahoo.com,Empresa 80,Michoacán
1081,María Cristina Mendizábal Torrent, 410-69-13831 , 949-91-44167 ,sofia84@corpfolder.com,Empresa 81,Morelos
1082,Andrés Moles Toledo, 250-50-01647 , 408-25-53973 ,rosa.magana@hotmail.com,Empresa 82,Nayarit
1083,Marisa Anna Aguirre Casanovas, 207-07-15519 , 334-61-62661 ,zoe_alonso@gmail.com,Empresa 83,Nuevo León
1084,Andrés Pereira Salamanca, 156-28-46029 , 602-05-37332 ,ricardo_hernadez@hotmail.com,Empresa 84,Oaxaca
1085,Tatiana Rey-Colom, 356-46-39481 , 148-77-85128 ,anamaria_pena@corpfolder.com,Empresa 85,Puebla
1086,Eliseo Amorós Lobo, 611-77-69630 , 655-27-29936 ,alfonso7@yahoo.com,Empresa 86,Querétaro
1087,Nuria Narváez Tolosa, 930-49-06960 , 665-93-83515 ,gabriela.urbina@yahoo.com,Empresa 87,Quintana Roo
1088,Lisandro Rosa Coloma, 250-64-44580 , 027-87-91637 ,gregorio15@nearbpo.com,Empresa 88,San Luis Potosí
1089,Gloria Morena Quintero Rosales, 084-77-10820 ,,paulina92@yahoo.com,Empresa 89,Sinaloa
1090,Pablo Blanes-Maestre, 341-31-00153 , 316-15-23024 ,brayan8@corpfolder.com,Empresa 90,Sonora
1091,Curro Arteaga Llano, 591-03-78458 , 020-94-62172 ,rosario5@hotmail.com,Empresa 91,Tabasco
1092,Amado Cobos Sáez, 050-16-84607 , 643-49-02135 ,cristina_arguello@nearbpo.com,Empresa 92,Tamaulipas
1093,Beatriz Vilar Rojas, 101-21-37403 , 078-21-85515 ,lorenzo77@yahoo.com,Empresa 93,Tlaxcala
1094,Prudencia Cantón Tamarit, 237-92-24044 , 142-87-46062 ,paola81@yahoo.com,Empresa 94,Veracruz
1095,Felipe Gilabert Cerdá, 553-30-94706 , 074-19-65596 ,esmeralda80@corpfolder.com,Empresa 95,Yucatán
1096,Leocadia Barranco Polo, 289-56-36078 , 794-64-98970 ,patricio_acuna@yahoo.com,Empresa 96,Zacatecas
1097,Trinidad Jove Catalán, 576-72-72747 ,,benjamin.bonilla@hotmail.com,Empresa 97,Aguascalientes
1098,Chuy Mohamed Maldonado Balaguer, 713-75-07189 , 134-78-97434 ,alejandra83@yahoo.com,Empresa 98,Baja California
1099,Nieves Lasa Macías, 857-21-79014 , 817-79-75925 ,guillermo97@gmail.com,Empresa 99,Baja California Sur
1100,Espiridión Ale Cabezas Lastra, 720-44-79106 , 492-61-03244,monserrat91@hotmail.com,Empresa 100,Campeche
